{
  "random_forest": {
    "train_accuracy": 0.7096974983595872,
    "val_metrics": {
      "accuracy": 0.707898699946919,
      "precision": 0.1715805295409874,
      "recall": 0.7427089494517494,
      "f1": 0.2787615908741611
    }
  }
}