{
  "random_forest": {
    "train_accuracy": 0.9692451071761417,
    "val_metrics": {
      "accuracy": 0.9645852749301025,
      "precision": 0.01556420233463035,
      "recall": 0.23529411764705882,
      "f1": 0.029197080291970802
    }
  }
}